SampleName,Camalexin (ng/mm),Cam.SE,Lesion Area (mm2),Les.SE
COL0G1E06,0,6.11595,4.854255,3.76642
COL0G1F06,0,6.11595,4.854255,3.76642
COL0G2E06,0,6.11595,4.854255,3.76642
COL0G2F06,0,6.11595,4.854255,3.76642
COL0G1E75,0,4.332392,6.212889,3.769748
COL0G1F75,0,4.332392,6.212889,3.769748
COL0G2F75,0,4.332392,6.212889,3.769748
NPR1G1E71,0,3.083794,3.376574,4.72022
NPR1G1F71,0,3.083794,3.376574,4.72022
NPR1G2E71,0,3.083794,3.376574,4.72022
NPR1G2F71,0,3.083794,3.376574,4.72022
COIL1G1E88,0,1.903546,8.228597,6.742837
COIL1G1F88,0,1.903546,8.228597,6.742837
COIL1G2E88,0,1.903546,8.228597,6.742837
COIL1G2F88,0,1.903546,8.228597,6.742837
COIL1G1E37,0,1.531762,19.731411,6.721015
COIL1G1F37,0,1.531762,19.731411,6.721015
COIL1G2E37,0,1.531762,19.731411,6.721015
COIL1G2F37,0,1.531762,19.731411,6.721015
COIL1G1E59,0,2.11503,53.718013,6.730401
COIL1G1F59,0,2.11503,53.718013,6.730401
COIL1G2E59,0,2.11503,53.718013,6.730401
COIL1G2F59,0,2.11503,53.718013,6.730401
COIL1G1E53,0,1.907029,49.89856,6.756544
COIL1G1F53,0,1.907029,49.89856,6.756544
COIL1G2E53,0,1.907029,49.89856,6.756544
COIL1G2F53,0,1.907029,49.89856,6.756544
COIL1G1E50,0,1.899251,29.114537,6.726318
COIL1G1F50,0,1.899251,29.114537,6.726318
COIL1G2E50,0,1.899251,29.114537,6.726318
COIL1G2F50,0,1.899251,29.114537,6.726318
COIL1G1E17,0,1.901018,30.492295,7.611379
COIL1G1F17,0,1.901018,30.492295,7.611379
COIL1G2E17,0,1.901018,30.492295,7.611379
COIL1G2F17,0,1.901018,30.492295,7.611379
COIL1G1F35,0,1.532075,43.022207,6.72198
COIL1G2E35,0,1.532075,43.022207,6.72198
COIL1G2F35,0,1.532075,43.022207,6.72198
COIL1G1E54,0,1.749306,62.290627,7.114959
COIL1G1F54,0,1.749306,62.290627,7.114959
COIL1G2E54,0,1.749306,62.290627,7.114959
COIL1G2F54,0,1.749306,62.290627,7.114959
COIL1G1E02,0,1.534861,22.043955,6.732638
COIL1G1F02,0,1.534861,22.043955,6.732638
COIL1G2E02,0,1.534861,22.043955,6.732638
COIL1G2F02,0,1.534861,22.043955,6.732638
COIL1G1E52,0,1.74566,68.466765,7.587015
COIL1G1F52,0,1.74566,68.466765,7.587015
COIL1G2E52,0,1.74566,68.466765,7.587015
COIL1G2F52,0,1.74566,68.466765,7.587015
COIL1G1E48,0.03643638,1.627036,67.633692,6.724402
COIL1G1F48,0.03643638,1.627036,67.633692,6.724402
COIL1G2E48,0.03643638,1.627036,67.633692,6.724402
COIL1G2F48,0.03643638,1.627036,67.633692,6.724402
COIL1G1E85,0.14602028,1.626452,12.13809,6.722794
COIL1G1F85,0.14602028,1.626452,12.13809,6.722794
COIL1G2E85,0.14602028,1.626452,12.13809,6.722794
COIL1G1E78,0.15333998,1.537368,40.686732,6.730009
COIL1G1F78,0.15333998,1.537368,40.686732,6.730009
COIL1G2E78,0.15333998,1.537368,40.686732,6.730009
COIL1G2F78,0.15333998,1.537368,40.686732,6.730009
COIL1G1E82,0.17092317,1.627381,43.113955,6.408428
COIL1G1F82,0.17092317,1.627381,43.113955,6.408428
COIL1G2E82,0.17092317,1.627381,43.113955,6.408428
COIL1G2F82,0.17092317,1.627381,43.113955,6.408428
COIL1G1E20,0.26917024,1.631118,49.023459,6.733092
COIL1G1F20,0.26917024,1.631118,49.023459,6.733092
COIL1G2E20,0.26917024,1.631118,49.023459,6.733092
COIL1G2F20,0.26917024,1.631118,49.023459,6.733092
COIL1G1E80,0.30392194,1.901549,32.783392,6.741735
COIL1G1F80,0.30392194,1.901549,32.783392,6.741735
COIL1G2E80,0.30392194,1.901549,32.783392,6.741735
COIL1G2F80,0.30392194,1.901549,32.783392,6.741735
COIL1G1E06,0.30951484,2.416287,3.342938,6.730325
COIL1G1F06,0.30951484,2.416287,3.342938,6.730325
COIL1G2E06,0.30951484,2.416287,3.342938,6.730325
COIL1G2F06,0.30951484,2.416287,3.342938,6.730325
COIL1G1E51,0.32800405,1.627401,67.21281,6.723843
COIL1G1F51,0.32800405,1.627401,67.21281,6.723843
COIL1G2E51,0.32800405,1.627401,67.21281,6.723843
COIL1G2F51,0.32800405,1.627401,67.21281,6.723843
COIL1G1E86,0.40238859,1.632917,51.762227,6.740732
COIL1G1F86,0.40238859,1.632917,51.762227,6.740732
COIL1G2E86,0.40238859,1.632917,51.762227,6.740732
COIL1G2F86,0.40238859,1.632917,51.762227,6.740732
COIL1G1E74,0.41782204,1.629928,39.477649,6.740461
COIL1G2E74,0.41782204,1.629928,39.477649,6.740461
COIL1G2F74,0.41782204,1.629928,39.477649,6.740461
COIL1G1E11,0.41970579,1.532099,38.812241,6.722059
COIL1G1F11,0.41970579,1.532099,38.812241,6.722059
COIL1G2E11,0.41970579,1.532099,38.812241,6.722059
COIL1G2F11,0.41970579,1.532099,38.812241,6.722059
COIL1G1E56,0.42108326,1.754488,60.689799,6.736395
COIL1G1F56,0.42108326,1.754488,60.689799,6.736395
COIL1G2E56,0.42108326,1.754488,60.689799,6.736395
COIL1G2F56,0.42108326,1.754488,60.689799,6.736395
COIL1G1E61,0.45782882,1.533604,47.436587,6.730194
COIL1G1F61,0.45782882,1.533604,47.436587,6.730194
COIL1G2E61,0.45782882,1.533604,47.436587,6.730194
COIL1G2F61,0.45782882,1.533604,47.436587,6.730194
COIL1G1E13,0.54035433,1.749828,50.952285,7.600216
COIL1G1F13,0.54035433,1.749828,50.952285,7.600216
COIL1G2E13,0.54035433,1.749828,50.952285,7.600216
COIL1G2F13,0.54035433,1.749828,50.952285,7.600216
COIL1G1E19,0.54751667,1.628038,33.283716,6.732176
COIL1G1F19,0.54751667,1.628038,33.283716,6.732176
COIL1G2E19,0.54751667,1.628038,33.283716,6.732176
COIL1G2F19,0.54751667,1.628038,33.283716,6.732176
COIL1G1E16,0.62129413,1.531775,31.018986,6.722003
COIL1G1F16,0.62129413,1.531775,31.018986,6.722003
COIL1G2E16,0.62129413,1.531775,31.018986,6.722003
COIL1G2F16,0.62129413,1.531775,31.018986,6.722003
COIL1G1E77,0.63149448,1.532762,51.56999,6.724207
COIL1G1F77,0.63149448,1.532762,51.56999,6.724207
COIL1G2E77,0.63149448,1.532762,51.56999,6.724207
COIL1G2F77,0.63149448,1.532762,51.56999,6.724207
COIL1G1E45,0.6328712,1.532926,35.18435,6.722632
COIL1G1F45,0.6328712,1.532926,35.18435,6.722632
COIL1G2E45,0.6328712,1.532926,35.18435,6.722632
COIL1G2F45,0.6328712,1.532926,35.18435,6.722632
COL0G1F88,0.6339161,4.329741,5.326137,3.770661
COL0G2E88,0.6339161,4.329741,5.326137,3.770661
COL0G2F88,0.6339161,4.329741,5.326137,3.770661
COIL1G1E31,0.73265845,1.534076,48.010925,6.729531
COIL1G1F31,0.73265845,1.534076,48.010925,6.729531
COIL1G2E31,0.73265845,1.534076,48.010925,6.729531
COIL1G2F31,0.73265845,1.534076,48.010925,6.729531
COIL1G1E73,0.77253107,1.629706,29.432802,6.730516
COIL1G1F73,0.77253107,1.629706,29.432802,6.730516
COIL1G2E73,0.77253107,1.629706,29.432802,6.730516
COIL1G2F73,0.77253107,1.629706,29.432802,6.730516
COIL1G1E04,0.78753026,1.532386,43.265976,6.723788
COIL1G1F04,0.78753026,1.532386,43.265976,6.723788
COIL1G2E04,0.78753026,1.532386,43.265976,6.723788
COIL1G2F04,0.78753026,1.532386,43.265976,6.723788
COIL1G1E10,0.82485448,1.536739,36.418731,6.736739
COIL1G1F10,0.82485448,1.536739,36.418731,6.736739
COIL1G2E10,0.82485448,1.536739,36.418731,6.736739
COIL1G2F10,0.82485448,1.536739,36.418731,6.736739
COIL1G1E57,0.84170291,1.74791,42.446208,6.729356
COIL1G1F57,0.84170291,1.74791,42.446208,6.729356
COIL1G2E57,0.84170291,1.74791,42.446208,6.729356
COIL1G2F57,0.84170291,1.74791,42.446208,6.729356
COIL1G1E49,0.8587006,1.626706,48.698805,6.723821
COIL1G1F49,0.8587006,1.626706,48.698805,6.723821
COIL1G2E49,0.8587006,1.626706,48.698805,6.723821
COIL1G2F49,0.8587006,1.626706,48.698805,6.723821
COIL1G1E09,0.85988318,1.543404,43.816967,6.754367
COIL1G1F09,0.85988318,1.543404,43.816967,6.754367
COIL1G2E09,0.85988318,1.543404,43.816967,6.754367
COIL1G2F09,0.85988318,1.543404,43.816967,6.754367
COIL1G1E26,0.87581025,1.532495,44.184041,6.724308
COIL1G1F26,0.87581025,1.532495,44.184041,6.724308
COIL1G2E26,0.87581025,1.532495,44.184041,6.724308
COIL1G2F26,0.87581025,1.532495,44.184041,6.724308
COIL1G1E43,0.92769011,1.532054,42.840472,6.7223
COIL1G1F43,0.92769011,1.532054,42.840472,6.7223
COIL1G2E43,0.92769011,1.532054,42.840472,6.7223
COIL1G2F43,0.92769011,1.532054,42.840472,6.7223
COIL1G1E41,0.92913448,1.533313,29.557555,6.727463
COIL1G1F41,0.92913448,1.533313,29.557555,6.727463
COIL1G2E41,0.92913448,1.533313,29.557555,6.727463
COIL1G2F41,0.92913448,1.533313,29.557555,6.727463
COIL1G1E46,0.98359906,1.749428,60.0173,6.736861
COIL1G1F46,0.98359906,1.749428,60.0173,6.736861
COIL1G2E46,0.98359906,1.749428,60.0173,6.736861
COIL1G2F46,0.98359906,1.749428,60.0173,6.736861
COIL1G1E93,1.10345935,1.630044,45.660426,6.729352
COIL1G1F93,1.10345935,1.630044,45.660426,6.729352
COIL1G2E93,1.10345935,1.630044,45.660426,6.729352
COIL1G2F93,1.10345935,1.630044,45.660426,6.729352
COIL1G1E72,1.1222138,1.53288,39.882806,6.727046
COIL1G1F72,1.1222138,1.53288,39.882806,6.727046
COIL1G2E72,1.1222138,1.53288,39.882806,6.727046
COIL1G2F72,1.1222138,1.53288,39.882806,6.727046
COIL1G1E32,1.14156205,1.639429,34.116404,7.129017
COIL1G1F32,1.14156205,1.639429,34.116404,7.129017
COIL1G2E32,1.14156205,1.639429,34.116404,7.129017
COIL1G2F32,1.14156205,1.639429,34.116404,7.129017
COIL1G1E89,1.14921522,1.746309,40.115169,7.109451
COIL1G1F89,1.14921522,1.746309,40.115169,7.109451
COIL1G2E89,1.14921522,1.746309,40.115169,7.109451
COIL1G2F89,1.14921522,1.746309,40.115169,7.109451
COIL1G1E18,1.17066769,1.534184,30.277847,6.728932
COIL1G1F18,1.17066769,1.534184,30.277847,6.728932
COIL1G2E18,1.17066769,1.534184,30.277847,6.728932
COIL1G2F18,1.17066769,1.534184,30.277847,6.728932
COIL1G1E39,1.19334521,1.532857,39.377947,6.724195
COIL1G1F39,1.19334521,1.532857,39.377947,6.724195
COIL1G2E39,1.19334521,1.532857,39.377947,6.724195
COIL1G2F39,1.19334521,1.532857,39.377947,6.724195
COIL1G1E60,1.21645491,1.628592,30.121435,6.732731
COIL1G1F60,1.21645491,1.628592,30.121435,6.732731
COIL1G2E60,1.21645491,1.628592,30.121435,6.732731
COIL1G2F60,1.21645491,1.628592,30.121435,6.732731
COIL1G1F21,1.25503087,1.532007,38.301206,6.722987
COIL1G2E21,1.25503087,1.532007,38.301206,6.722987
COIL1G2F21,1.25503087,1.532007,38.301206,6.722987
COIL1G1E05,1.25897527,1.628424,31.722579,7.10636
COIL1G1F05,1.25897527,1.628424,31.722579,7.10636
COIL1G2E05,1.25897527,1.628424,31.722579,7.10636
COIL1G2F05,1.25897527,1.628424,31.722579,7.10636
COIL1G1F23,1.34235909,1.533482,39.458954,6.728796
COIL1G2E23,1.34235909,1.533482,39.458954,6.728796
COIL1G2F23,1.34235909,1.533482,39.458954,6.728796
COIL1G1E01,1.3672085,1.633312,36.590004,7.124704
COIL1G1F01,1.3672085,1.633312,36.590004,7.124704
COIL1G2E01,1.3672085,1.633312,36.590004,7.124704
COIL1G2F01,1.3672085,1.633312,36.590004,7.124704
COIL1G1E14,1.40250515,1.905851,20.751707,7.115261
COIL1G1F14,1.40250515,1.905851,20.751707,7.115261
COIL1G2F14,1.40250515,1.905851,20.751707,7.115261
COIL1G1E92,1.44918675,1.53876,36.8573,6.747304
COIL1G1F92,1.44918675,1.53876,36.8573,6.747304
COIL1G2E92,1.44918675,1.53876,36.8573,6.747304
COIL1G2F92,1.44918675,1.53876,36.8573,6.747304
COIL1G1E29,1.46671163,1.904877,26.778925,6.733404
COIL1G1F29,1.46671163,1.904877,26.778925,6.733404
COIL1G2E29,1.46671163,1.904877,26.778925,6.733404
COIL1G2F29,1.46671163,1.904877,26.778925,6.733404
COIL1G1E63,1.51101477,1.745121,41.139726,7.12079
COIL1G1F63,1.51101477,1.745121,41.139726,7.12079
COIL1G2E63,1.51101477,1.745121,41.139726,7.12079
COIL1G2F63,1.51101477,1.745121,41.139726,7.12079
COIL1G1E22,1.51286977,1.53455,35.813768,6.732007
COIL1G1F22,1.51286977,1.53455,35.813768,6.732007
COIL1G2E22,1.51286977,1.53455,35.813768,6.732007
COIL1G2F22,1.51286977,1.53455,35.813768,6.732007
COIL1G1E30,1.5495792,1.627859,54.971859,6.725396
COIL1G1F30,1.5495792,1.627859,54.971859,6.725396
COIL1G2E30,1.5495792,1.627859,54.971859,6.725396
COIL1G2F30,1.5495792,1.627859,54.971859,6.725396
COIL1G1E69,1.56175762,1.903012,45.42961,7.115507
COIL1G1F69,1.56175762,1.903012,45.42961,7.115507
COIL1G2E69,1.56175762,1.903012,45.42961,7.115507
COIL1G2F69,1.56175762,1.903012,45.42961,7.115507
COIL1G1E68,1.61148152,1.629044,27.160635,6.737723
COIL1G1F68,1.61148152,1.629044,27.160635,6.737723
COIL1G2E68,1.61148152,1.629044,27.160635,6.737723
COIL1G2F68,1.61148152,1.629044,27.160635,6.737723
COIL1G1E71,1.90986816,1.908469,6.253169,6.747294
COIL1G1F71,1.90986816,1.908469,6.253169,6.747294
COIL1G2E71,1.90986816,1.908469,6.253169,6.747294
COIL1G2F71,1.90986816,1.908469,6.253169,6.747294
COIL1G1E44,1.95327507,1.625688,35.881073,6.721451
COIL1G1F44,1.95327507,1.625688,35.881073,6.721451
COIL1G2E44,1.95327507,1.625688,35.881073,6.721451
COIL1G2F44,1.95327507,1.625688,35.881073,6.721451
COIL1G1E971,1.9578716,1.630167,53.85586,6.730709
COIL1G1F972,1.9578716,1.630167,53.85586,6.730709
COIL1G2E971,1.9578716,1.630167,53.85586,6.730709
COIL1G2F971,1.9578716,1.630167,53.85586,6.730709
COL0G1E85,1.9980106,3.168711,9.688696,3.762282
COL0G1F85,1.9980106,3.168711,9.688696,3.762282
COL0G2E86,1.9980106,3.168711,9.688696,3.762282
COL0G2F85,1.9980106,3.168711,9.688696,3.762282
COIL1G1E28,2.02621996,1.535032,41.779129,6.730078
COIL1G1F28,2.02621996,1.535032,41.779129,6.730078
COIL1G2E28,2.02621996,1.535032,41.779129,6.730078
COIL1G2F28,2.02621996,1.535032,41.779129,6.730078
COIL1G1E15,2.03434987,1.906428,30.509718,8.248125
COIL1G1F15,2.03434987,1.906428,30.509718,8.248125
COIL1G2E15,2.03434987,1.906428,30.509718,8.248125
COIL1G2F15,2.03434987,1.906428,30.509718,8.248125
COIL1G1E79,2.04237313,1.629176,23.527567,6.731699
COIL1G1F79,2.04237313,1.629176,23.527567,6.731699
COIL1G2E79,2.04237313,1.629176,23.527567,6.731699
COIL1G2F79,2.04237313,1.629176,23.527567,6.731699
COL0G1E82,2.2163176,2.673359,18.985216,3.5907
COL0G1F82,2.2163176,2.673359,18.985216,3.5907
COL0G2E82,2.2163176,2.673359,18.985216,3.5907
COL0G2F82,2.2163176,2.673359,18.985216,3.5907
COIL1G1E62,2.25914404,1.906803,36.82948,7.118581
COIL1G1F62,2.25914404,1.906803,36.82948,7.118581
COIL1G2E62,2.25914404,1.906803,36.82948,7.118581
COIL1G2F62,2.25914404,1.906803,36.82948,7.118581
COIL1G1F47,2.28698229,1.63017,51.996311,7.116011
COIL1G2E47,2.28698229,1.63017,51.996311,7.116011
COIL1G2F47,2.28698229,1.63017,51.996311,7.116011
COIL1G1E64,2.34966913,1.752529,40.378112,7.125622
COIL1G1F64,2.34966913,1.752529,40.378112,7.125622
COIL1G2E64,2.34966913,1.752529,40.378112,7.125622
COIL1G2F64,2.34966913,1.752529,40.378112,7.125622
COIL1G1F25,2.4004419,1.536736,23.391037,6.738289
COIL1G2E25,2.4004419,1.536736,23.391037,6.738289
COIL1G2F25,2.4004419,1.536736,23.391037,6.738289
COIL1G1E91,2.44205849,1.533057,35.479162,6.723707
COIL1G1F91,2.44205849,1.533057,35.479162,6.723707
COIL1G2E91,2.44205849,1.533057,35.479162,6.723707
COIL1G2F91,2.44205849,1.533057,35.479162,6.723707
COIL1G1E08,2.48983864,1.628694,35.247448,7.115496
COIL1G1F08,2.48983864,1.628694,35.247448,7.115496
COIL1G2E08,2.48983864,1.628694,35.247448,7.115496
COIL1G2F08,2.48983864,1.628694,35.247448,7.115496
COIL1G1E67,2.50501199,1.633307,41.267593,6.738665
COIL1G2E67,2.50501199,1.633307,41.267593,6.738665
COIL1G2F67,2.50501199,1.633307,41.267593,6.738665
COIL1G1E07,2.5532342,1.545088,31.812842,6.758589
COIL1G1F07,2.5532342,1.545088,31.812842,6.758589
COIL1G2E07,2.5532342,1.545088,31.812842,6.758589
COIL1G2F07,2.5532342,1.545088,31.812842,6.758589
COIL1G1E03,2.57540455,1.535886,34.14665,6.735304
COIL1G1F03,2.57540455,1.535886,34.14665,6.735304
COIL1G2E03,2.57540455,1.535886,34.14665,6.735304
COIL1G2F03,2.57540455,1.535886,34.14665,6.735304
COIL1G1E90,2.62333487,1.631636,25.728996,7.118975
COIL1G1F90,2.62333487,1.631636,25.728996,7.118975
COIL1G2E90,2.62333487,1.631636,25.728996,7.118975
COIL1G2F90,2.62333487,1.631636,25.728996,7.118975
COIL1G1E40,2.63732052,1.630753,37.736088,7.116802
COIL1G1F40,2.63732052,1.630753,37.736088,7.116802
COIL1G2E40,2.63732052,1.630753,37.736088,7.116802
COL0G1E71,2.6569186,2.896348,5.737855,3.772797
COL0G1F71,2.6569186,2.896348,5.737855,3.772797
COL0G2E71,2.6569186,2.896348,5.737855,3.772797
COL0G2F71,2.6569186,2.896348,5.737855,3.772797
COIL1G1E34,2.74368351,1.536777,36.396886,6.739574
COIL1G1F34,2.74368351,1.536777,36.396886,6.739574
COIL1G2F34,2.74368351,1.536777,36.396886,6.739574
NPR1G1E85,2.7663269,2.479439,12.628059,4.706784
NPR1G1F85,2.7663269,2.479439,12.628059,4.706784
NPR1G2E85,2.7663269,2.479439,12.628059,4.706784
NPR1G2F85,2.7663269,2.479439,12.628059,4.706784
COIL1G1E65,2.91694465,1.744875,38.601734,6.721873
COIL1G1F65,2.91694465,1.744875,38.601734,6.721873
COIL1G2E65,2.91694465,1.744875,38.601734,6.721873
COIL1G2F65,2.91694465,1.744875,38.601734,6.721873
COIL1G1E81,2.99778037,1.534758,48.117892,7.120992
COIL1G1F81,2.99778037,1.534758,48.117892,7.120992
COIL1G2E81,2.99778037,1.534758,48.117892,7.120992
COIL1G2F81,2.99778037,1.534758,48.117892,7.120992
COL0G1E14,3.042948,2.515749,10.056544,3.765101
COL0G1F14,3.042948,2.515749,10.056544,3.765101
COL0G2F14,3.042948,2.515749,10.056544,3.765101
COIL1G1E12,3.11356226,1.532345,32.878054,6.724615
COIL1G1F12,3.11356226,1.532345,32.878054,6.724615
COIL1G2E12,3.11356226,1.532345,32.878054,6.724615
COIL1G2F12,3.11356226,1.532345,32.878054,6.724615
COIL1G1E33,3.38839385,1.532616,27.886443,6.722744
COIL1G1F33,3.38839385,1.532616,27.886443,6.722744
COIL1G2E33,3.38839385,1.532616,27.886443,6.722744
COIL1G2F33,3.38839385,1.532616,27.886443,6.722744
COIL1G1E76,3.48088969,1.535491,32.324283,6.733694
COIL1G1F76,3.48088969,1.535491,32.324283,6.733694
COIL1G2E76,3.48088969,1.535491,32.324283,6.733694
COIL1G2F76,3.48088969,1.535491,32.324283,6.733694
NPR1G1E69,3.6485008,2.486593,19.303772,4.978404
NPR1G1F69,3.6485008,2.486593,19.303772,4.978404
NPR1G2E69,3.6485008,2.486593,19.303772,4.978404
NPR1G2F69,3.6485008,2.486593,19.303772,4.978404
COIL1G1E58,3.6982831,1.755082,35.428605,6.75218
COIL1G1F58,3.6982831,1.755082,35.428605,6.75218
COIL1G2E58,3.6982831,1.755082,35.428605,6.75218
COIL1G2F58,3.6982831,1.755082,35.428605,6.75218
NPR1G1E48,3.848978,2.077923,38.228397,4.708229
NPR1G1F48,3.848978,2.077923,38.228397,4.708229
NPR1G2E48,3.848978,2.077923,38.228397,4.708229
NPR1G2F48,3.848978,2.077923,38.228397,4.708229
NPR1G1E75,3.8538045,3.071099,6.192991,4.715815
NPR1G1F75,3.8538045,3.071099,6.192991,4.715815
NPR1G2E75,3.8538045,3.071099,6.192991,4.715815
NPR1G2F75,3.8538045,3.071099,6.192991,4.715815
COIL1G1F24,3.88068512,1.536992,25.105082,6.742267
COIL1G2E24,3.88068512,1.536992,25.105082,6.742267
COIL1G2F24,3.88068512,1.536992,25.105082,6.742267
NPR1G1E33,3.9125674,2.077977,23.121268,4.706779
NPR1G1F33,3.9125674,2.077977,23.121268,4.706779
NPR1G2E33,3.9125674,2.077977,23.121268,4.706779
NPR1G2F33,3.9125674,2.077977,23.121268,4.706779
COIL1G1E75,4.13363854,2.423975,2.595268,7.126416
COIL1G1F75,4.13363854,2.423975,2.595268,7.126416
COIL1G2E75,4.13363854,2.423975,2.595268,7.126416
COIL1G2F75,4.13363854,2.423975,2.595268,7.126416
NPR1G1E65,4.1707296,2.180033,26.567992,4.706384
NPR1G1F65,4.1707296,2.180033,26.567992,4.706384
NPR1G2E65,4.1707296,2.180033,26.567992,4.706384
NPR1G2F65,4.1707296,2.180033,26.567992,4.706384
NPR1G1E72,4.2379912,2.078021,16.666627,4.709537
NPR1G1F72,4.2379912,2.078021,16.666627,4.709537
NPR1G2E72,4.2379912,2.078021,16.666627,4.709537
NPR1G2F72,4.2379912,2.078021,16.666627,4.709537
COIL1G1E95,4.32623895,1.534178,24.833232,6.730244
COIL1G1F95,4.32623895,1.534178,24.833232,6.730244
COIL1G2F95,4.32623895,1.534178,24.833232,6.730244
COIL1G1E66,4.32914384,1.752149,33.942991,6.746762
COIL1G1F66,4.32914384,1.752149,33.942991,6.746762
COIL1G2E66,4.32914384,1.752149,33.942991,6.746762
COIL1G2F66,4.32914384,1.752149,33.942991,6.746762
COIL1G1F27,4.42418842,1.535486,40.261556,6.73211
COIL1G2E27,4.42418842,1.535486,40.261556,6.73211
COIL1G2F27,4.42418842,1.535486,40.261556,6.73211
COIL1G1E87,4.5033528,1.745477,14.902045,6.722734
COIL1G1F87,4.5033528,1.745477,14.902045,6.722734
COIL1G2E87,4.5033528,1.745477,14.902045,6.722734
COIL1G2F87,4.5033528,1.745477,14.902045,6.722734
COIL1G1E55,4.5797962,1.626729,57.183042,6.724092
COIL1G1F55,4.5797962,1.626729,57.183042,6.724092
COIL1G2E55,4.5797962,1.626729,57.183042,6.724092
COIL1G2F55,4.5797962,1.626729,57.183042,6.724092
NPR1G1E88,4.5943213,2.733659,3.169601,4.718013
NPR1G1F88,4.5943213,2.733659,3.169601,4.718013
NPR1G2E88,4.5943213,2.733659,3.169601,4.718013
NPR1G2F88,4.5943213,2.733659,3.169601,4.718013
NPR1G1E01,4.6033335,2.083,17.550522,4.71813
NPR1G1F01,4.6033335,2.083,17.550522,4.71813
NPR1G2E01,4.6033335,2.083,17.550522,4.71813
NPR1G2F01,4.6033335,2.083,17.550522,4.71813
COL0G1E50,4.7230053,2.386847,24.657523,3.763993
COL0G1F50,4.7230053,2.386847,24.657523,3.763993
COL0G2E50,4.7230053,2.386847,24.657523,3.763993
COL0G2F50,4.7230053,2.386847,24.657523,3.763993
COIL1G1E94,4.87794629,1.63112,39.41835,6.733374
COIL1G1F94,4.87794629,1.63112,39.41835,6.733374
COIL1G2E94,4.87794629,1.63112,39.41835,6.733374
COIL1G2F94,4.87794629,1.63112,39.41835,6.733374
NPR1G1E82,4.917607,2.483273,20.789342,4.496198
NPR1G1F82,4.917607,2.483273,20.789342,4.496198
NPR1G2E82,4.917607,2.483273,20.789342,4.496198
NPR1G2F82,4.917607,2.483273,20.789342,4.496198
COIL1G1F36,5.01093832,1.535458,30.016755,6.729679
COIL1G2E36,5.01093832,1.535458,30.016755,6.729679
COIL1G2F36,5.01093832,1.535458,30.016755,6.729679
NPR1G1E61,5.0165061,2.07896,35.085018,4.711148
NPR1G1F61,5.0165061,2.07896,35.085018,4.711148
NPR1G2E61,5.0165061,2.07896,35.085018,4.711148
NPR1G2F61,5.0165061,2.07896,35.085018,4.711148
COL0G1E48,5.0539877,2.385811,31.427567,3.763192
COL0G1F48,5.0539877,2.385811,31.427567,3.763192
COL0G2E48,5.0539877,2.385811,31.427567,3.763192
COIL1G1E42,5.22373096,1.536721,32.544479,6.728474
COIL1G1F42,5.22373096,1.536721,32.544479,6.728474
COIL1G2E42,5.22373096,1.536721,32.544479,6.728474
COIL1G2F42,5.22373096,1.536721,32.544479,6.728474
COL0G1E11,5.2883567,2.385186,17.837435,3.762013
COL0G1F11,5.2883567,2.385186,17.837435,3.762013
COL0G2E11,5.2883567,2.385186,17.837435,3.762013
COL0G2F11,5.2883567,2.385186,17.837435,3.762013
COIL1G1F38,5.34611093,1.627632,28.927143,6.724329
COIL1G2E38,5.34611093,1.627632,28.927143,6.724329
COIL1G2F38,5.34611093,1.627632,28.927143,6.724329
COIL1G1E70,5.42544411,1.535973,34.129692,6.738303
COIL1G1F70,5.42544411,1.535973,34.129692,6.738303
COIL1G2E70,5.42544411,1.535973,34.129692,6.738303
COIL1G2F70,5.42544411,1.535973,34.129692,6.738303
NPR1G1E59,5.5097357,2.314331,38.858263,4.710905
NPR1G1F59,5.5097357,2.314331,38.858263,4.710905
NPR1G2E59,5.5097357,2.314331,38.858263,4.710905
NPR1G2F59,5.5097357,2.314331,38.858263,4.710905
COL0G1E49,5.5198226,2.385849,25.488157,3.762368
COL0G1F49,5.5198226,2.385849,25.488157,3.762368
COL0G2E49,5.5198226,2.385849,25.488157,3.762368
COL0G2F49,5.5198226,2.385849,25.488157,3.762368
NPR1G1E07,5.5358455,2.089454,26.170034,4.728019
NPR1G1F07,5.5358455,2.089454,26.170034,4.728019
NPR1G2E07,5.5358455,2.089454,26.170034,4.728019
NPR1G2F07,5.5358455,2.089454,26.170034,4.728019
NPR1G1E56,5.5475971,2.082647,38.835048,4.714353
NPR1G1F56,5.5475971,2.082647,38.835048,4.714353
NPR1G2E56,5.5475971,2.082647,38.835048,4.714353
NPR1G2F56,5.5475971,2.082647,38.835048,4.714353
NPR1G1E79,5.5529479,2.0799,15.37727,4.712166
NPR1G1F79,5.5529479,2.0799,15.37727,4.712166
NPR1G2E79,5.5529479,2.0799,15.37727,4.712166
NPR1G2F79,5.5529479,2.0799,15.37727,4.712166
COIL1G1E83,5.56573011,1.532637,8.597215,6.722192
COIL1G1F83,5.56573011,1.532637,8.597215,6.722192
COIL1G2E83,5.56573011,1.532637,8.597215,6.722192
COIL1G2F83,5.56573011,1.532637,8.597215,6.722192
NPR1G1E66,5.6240851,2.323139,25.410438,4.723992
NPR1G1F66,5.6240851,2.323139,25.410438,4.723992
NPR1G2E66,5.6240851,2.323139,25.410438,4.723992
NPR1G2F66,5.6240851,2.323139,25.410438,4.723992
NPR1G1E76,5.6740661,2.08112,18.729232,4.711445
NPR1G2E76,5.6740661,2.08112,18.729232,4.711445
NPR1G2F76,5.6740661,2.08112,18.729232,4.711445
NPR1G1E02,5.6985612,2.310683,10.763382,4.714848
NPR1G1E03,5.6985612,2.317736,21.222322,4.71601
NPR1G1F02,5.6985612,2.310683,10.763382,4.714848
NPR1G1F03,5.6985612,2.317736,21.222322,4.71601
NPR1G2E02,5.6985612,2.310683,10.763382,4.714848
NPR1G2E03,5.6985612,2.317736,21.222322,4.71601
NPR1G2F02,5.6985612,2.310683,10.763382,4.714848
NPR1G2F03,5.6985612,2.317736,21.222322,4.71601
NPR1G1E86,5.6991992,2.187998,19.603317,4.72055
NPR1G1F86,5.6991992,2.187998,19.603317,4.72055
NPR1G2E86,5.6991992,2.187998,19.603317,4.72055
NPR1G2F86,5.6991992,2.187998,19.603317,4.72055
COIL1G1E84,5.73717879,1.744642,37.056979,6.734752
COIL1G1F84,5.73717879,1.744642,37.056979,6.734752
COIL1G2E84,5.73717879,1.744642,37.056979,6.734752
COIL1G2F84,5.73717879,1.744642,37.056979,6.734752
COL0G1E95,5.7703128,2.387884,13.217344,3.765902
COL0G1F95,5.7703128,2.387884,13.217344,3.765902
COL0G2E95,5.7703128,2.387884,13.217344,3.765902
COL0G2F95,5.7703128,2.387884,13.217344,3.765902
COL0G1E04,5.9222439,2.386143,14.368083,3.762517
COL0G1F04,5.9222439,2.386143,14.368083,3.762517
COL0G2E04,5.9222439,2.386143,14.368083,3.762517
COL0G2F04,5.9222439,2.386143,14.368083,3.762517
NPR1G1E52,5.9676152,2.180207,40.387241,4.710626
NPR1G1F52,5.9676152,2.180207,40.387241,4.710626
NPR1G2E52,5.9676152,2.180207,40.387241,4.710626
NPR1G2F52,5.9676152,2.180207,40.387241,4.710626
NPR1G1E05,6.0084472,2.184696,20.956333,4.707845
NPR1G2E05,6.0084472,2.184696,20.956333,4.707845
NPR1G2F05,6.0084472,2.184696,20.956333,4.707845
COL0G1E47,6.0127571,2.515962,26.341937,3.765943
COL0G1F47,6.0127571,2.515962,26.341937,3.765943
COL0G1E57,6.1144313,2.387913,19.442791,3.766014
COL0G1F57,6.1144313,2.387913,19.442791,3.766014
COL0G2E57,6.1144313,2.387913,19.442791,3.766014
COL0G2F57,6.1144313,2.387913,19.442791,3.766014
NPR1G1E10,6.1721926,2.190308,28.144044,4.71596
NPR1G1F10,6.1721926,2.190308,28.144044,4.71596
NPR1G2E10,6.1721926,2.190308,28.144044,4.71596
NPR1G2F10,6.1721926,2.190308,28.144044,4.71596
NPR1G1E68,6.1868342,2.082447,31.169702,4.716258
NPR1G1F68,6.1868342,2.082447,31.169702,4.716258
NPR1G2E68,6.1868342,2.082447,31.169702,4.716258
NPR1G2F68,6.1868342,2.082447,31.169702,4.716258
NPR1G1E95,6.1881637,2.079257,16.634115,4.711321
NPR1G1F95,6.1881637,2.079257,16.634115,4.711321
NPR1G2E95,6.1881637,2.079257,16.634115,4.711321
NPR1G2F95,6.1881637,2.079257,16.634115,4.711321
NPR1G1E11,6.1982699,2.077759,21.803565,4.706318
NPR1G1F11,6.1982699,2.077759,21.803565,4.706318
NPR1G2E11,6.1982699,2.077759,21.803565,4.706318
NPR1G2F11,6.1982699,2.077759,21.803565,4.706318
COL0G1E07,6.2497296,2.396794,16.192057,3.779191
COL0G1F07,6.2497296,2.396794,16.192057,3.779191
COL0G2F07,6.2497296,2.396794,16.192057,3.779191
NPR1G1E50,6.2559873,2.481321,28.79743,4.709649
NPR1G1F50,6.2559873,2.481321,28.79743,4.709649
NPR1G2E50,6.2559873,2.481321,28.79743,4.709649
NPR1G2F50,6.2559873,2.481321,28.79743,4.709649
COL0G1E81,6.2789249,2.389537,22.800279,3.979186
COL0G1F81,6.2789249,2.389537,22.800279,3.979186
COL0G2E81,6.2789249,2.389537,22.800279,3.979186
NPR1G1E12,6.4226015,2.07711,15.672246,4.707343
NPR1G1F12,6.4226015,2.07711,15.672246,4.707343
NPR1G2E12,6.4226015,2.07711,15.672246,4.707343
NPR1G2F12,6.4226015,2.07711,15.672246,4.707343
COL0G1E05,6.4462335,2.387071,14.633464,3.762095
COL0G1F05,6.4462335,2.387071,14.633464,3.762095
COL0G2E05,6.4462335,2.387071,14.633464,3.762095
COL0G2F05,6.4462335,2.387071,14.633464,3.762095
NPR1G1E15,6.4940432,2.085241,9.071898,4.72189
NPR1G1F15,6.4940432,2.085241,9.071898,4.72189
NPR1G2E15,6.4940432,2.085241,9.071898,4.72189
NPR1G2F15,6.4940432,2.085241,9.071898,4.72189
NPR1G1E64,6.513787,2.081977,22.28963,4.71666
NPR1G1F64,6.513787,2.081977,22.28963,4.71666
NPR1G2E64,6.513787,2.081977,22.28963,4.71666
NPR1G2F64,6.513787,2.081977,22.28963,4.71666
NPR1G1E17,6.5422847,2.192403,13.037203,4.98495
NPR1G1F17,6.5422847,2.192403,13.037203,4.98495
NPR1G2E17,6.5422847,2.192403,13.037203,4.98495
NPR1G2F17,6.5422847,2.192403,13.037203,4.98495
NPR1G1E60,6.5545691,2.081959,18.204873,4.713909
NPR1G1F60,6.5545691,2.081959,18.204873,4.713909
NPR1G2E60,6.5545691,2.081959,18.204873,4.713909
NPR1G2F60,6.5545691,2.081959,18.204873,4.713909
COL0G1E72,6.575371,2.386527,15.347371,3.764115
COL0G1F72,6.575371,2.386527,15.347371,3.764115
COL0G2E72,6.575371,2.386527,15.347371,3.764115
COL0G2F72,6.575371,2.386527,15.347371,3.764115
COL0G1E79,6.5832393,2.387995,11.196796,
COL0G1F79,6.5832393,2.387995,11.196796,
COL0G2F79,6.5832393,2.387995,11.196796,
NPR1G1E94,6.6193613,2.081256,25.354043,4.712129
NPR1G1F94,6.6193613,2.081256,25.354043,4.712129
NPR1G2E94,6.6193613,2.081256,25.354043,4.712129
NPR1G2F94,6.6193613,2.081256,25.354043,4.712129
COL0G1E59,6.6386992,2.387797,39.652195,3.765679
COL0G1F59,6.6386992,2.387797,39.652195,3.765679
COL0G2E59,6.6386992,2.387797,39.652195,3.765679
COL0G2F59,6.6386992,2.387797,39.652195,3.765679
NPR1G1E04,6.6721931,2.077081,14.267679,4.707131
NPR1G1F04,6.6721931,2.077081,14.267679,4.707131
NPR1G2E04,6.6721931,2.077081,14.267679,4.707131
NPR1G2F04,6.6721931,2.077081,14.267679,4.707131
COL0G1E61,6.7567201,2.387968,30.899724,3.765943
COL0G1F61,6.7567201,2.387968,30.899724,3.765943
COL0G2F61,6.7567201,2.387968,30.899724,3.765943
COL0G1E52,6.8061167,2.515278,30.068503,3.974829
COL0G1F52,6.8061167,2.515278,30.068503,3.974829
COL0G2E52,6.8061167,2.515278,30.068503,3.974829
COL0G2F52,6.8061167,2.515278,30.068503,3.974829
COL0G1E68,6.8191217,2.389677,13.179707,3.769496
COL0G1F68,6.8191217,2.389677,13.179707,3.769496
COL0G2E68,6.8191217,2.389677,13.179707,3.769496
COL0G2F68,6.8191217,2.389677,13.179707,3.769496
COL0G1E39,6.8414578,2.385167,13.962056,3.761946
COL0G1F39,6.8414578,2.385167,13.962056,3.761946
COL0G2E39,6.8414578,2.385167,13.962056,3.761946
COL0G2F39,6.8414578,2.385167,13.962056,3.761946
NPR1G1E38,6.8488458,2.180617,17.164867,4.707577
NPR1G1F38,6.8488458,2.180617,17.164867,4.707577
NPR1G2E38,6.8488458,2.180617,17.164867,4.707577
NPR1G2F38,6.8488458,2.180617,17.164867,4.707577
NPR1G1E84,6.8727447,2.082497,22.368317,4.713107
NPR1G1F84,6.8727447,2.082497,22.368317,4.713107
NPR1G2E84,6.8727447,2.082497,22.368317,4.713107
NPR1G2F84,6.8727447,2.082497,22.368317,4.713107
NPR1G1E06,6.8740299,2.081132,6.219991,4.970884
NPR1G1F06,6.8740299,2.081132,6.219991,4.970884
NPR1G2E06,6.8740299,2.081132,6.219991,4.970884
NPR1G2F06,6.8740299,2.081132,6.219991,4.970884
NPR1G1E57,6.8954877,2.078395,18.390612,4.711582
NPR1G1F57,6.8954877,2.078395,18.390612,4.711582
NPR1G2E57,6.8954877,2.078395,18.390612,4.711582
NPR1G2F57,6.8954877,2.078395,18.390612,4.711582
COL0G1E44,6.9357395,2.384695,15.694697,3.761579
COL0G1F44,6.9357395,2.384695,15.694697,3.761579
COL0G2F44,6.9357395,2.384695,15.694697,3.761579
COL0G1E16,6.9357448,2.385592,16.013515,3.761904
COL0G1F16,6.9357448,2.385592,16.013515,3.761904
COL0G2F16,6.9357448,2.385592,16.013515,3.761904
NPR1G1E28,6.9384038,2.07895,21.106316,4.710127
NPR1G1F28,6.9384038,2.07895,21.106316,4.710127
NPR1G2E28,6.9384038,2.07895,21.106316,4.710127
NPR1G2F28,6.9384038,2.07895,21.106316,4.710127
NPR1G1E26,6.9594493,2.081132,24.405638,4.709079
NPR1G1F26,6.9594493,2.081132,24.405638,4.709079
NPR1G2E26,6.9594493,2.081132,24.405638,4.709079
NPR1G2F26,6.9594493,2.081132,24.405638,4.709079
NPR1G1E09,6.9797256,2.19515,15.410462,4.989114
NPR1G1F09,6.9797256,2.19515,15.410462,4.989114
NPR1G2E09,6.9797256,2.19515,15.410462,4.989114
NPR1G2F09,6.9797256,2.19515,15.410462,4.989114
COL0G1E12,6.9798159,2.385,10.40828,3.762538
COL0G1F12,6.9798159,2.385,10.40828,3.762538
COL0G2E12,6.9798159,2.385,10.40828,3.762538
COL0G2F12,6.9798159,2.385,10.40828,3.762538
COL0G1E94,7.0107627,2.518241,15.150773,3.978206
COL0G1F94,7.0107627,2.518241,15.150773,3.978206
COL0G2E94,7.0107627,2.518241,15.150773,3.978206
COL0G2F94,7.0107627,2.518241,15.150773,3.978206
COL0G1E64,7.0374715,2.39155,15.88535,3.770457
COL0G1F64,7.0374715,2.39155,15.88535,3.770457
COL0G2E64,7.0374715,2.39155,15.88535,3.770457
COL0G2F64,7.0374715,2.39155,15.88535,3.770457
NPR1G1E29,7.0403292,2.486673,8.707797,4.713562
NPR1G1F29,7.0403292,2.486673,8.707797,4.713562
NPR1G2E29,7.0403292,2.486673,8.707797,4.713562
NPR1G2F29,7.0403292,2.486673,8.707797,4.713562
COL0G1E53,7.1315164,2.396551,31.697326,3.778734
COL0G2E53,7.1315164,2.396551,31.697326,3.778734
COL0G2F53,7.1315164,2.396551,31.697326,3.778734
NPR1G1E14,7.13685,2.736199,13.439529,4.710241
NPR1G1F14,7.13685,2.736199,13.439529,4.710241
NPR1G2E14,7.13685,2.736199,13.439529,4.710241
NPR1G2F14,7.13685,2.736199,13.439529,4.710241
NPR1G1E63,7.2360791,2.184724,21.493378,4.714238
NPR1G1F63,7.2360791,2.184724,21.493378,4.714238
NPR1G2E63,7.2360791,2.184724,21.493378,4.714238
NPR1G2F63,7.2360791,2.184724,21.493378,4.714238
NPR1G1E41,7.2461413,2.079193,19.902797,4.71008
NPR1G1F41,7.2461413,2.079193,19.902797,4.71008
NPR1G2E41,7.2461413,2.079193,19.902797,4.71008
NPR1G2F41,7.2461413,2.079193,19.902797,4.71008
COL0G1E66,7.3357855,2.394886,22.97969,3.775425
COL0G1F66,7.3357855,2.394886,22.97969,3.775425
COL0G2E66,7.3357855,2.394886,22.97969,3.775425
COL0G2F66,7.3357855,2.394886,22.97969,3.775425
COL0G1F60,7.4544448,2.389389,18.246485,3.768236
COL0G2E60,7.4544448,2.389389,18.246485,3.768236
COL0G2F60,7.4544448,2.389389,18.246485,3.768236
COL0G1E08,7.4982692,2.390111,12.153403,3.770372
COL0G1F08,7.4982692,2.390111,12.153403,3.770372
COL0G2F08,7.4982692,2.390111,12.153403,3.770372
COL0G1E91,7.6296565,2.385499,14.269065,3.761822
COL0G1F91,7.6296565,2.385499,14.269065,3.761822
COL0G2E91,7.6296565,2.385499,14.269065,3.761822
COL0G2F91,7.6296565,2.385499,14.269065,3.761822
COL0G1E09,7.6787268,2.395703,12.310135,3.777558
COL0G1F09,7.6787268,2.395703,12.310135,3.777558
COL0G2E09,7.6787268,2.395703,12.310135,3.777558
COL0G2F09,7.6787268,2.395703,12.310135,3.777558
COL0G1E86,7.7166761,2.392721,24.269035,3.772299
COL0G1F86,7.7166761,2.392721,24.269035,3.772299
COL0G2F86,7.7166761,2.392721,24.269035,3.772299
NPR1G1E18,7.7499011,2.315948,19.047339,5.296889
NPR1G1F18,7.7499011,2.315948,19.047339,5.296889
NPR1G2E18,7.7499011,2.315948,19.047339,5.296889
NPR1G2F18,7.7499011,2.315948,19.047339,5.296889
NPR1G1F25,7.7579798,2.082939,12.96646,4.715618
NPR1G2E25,7.7579798,2.082939,12.96646,4.715618
NPR1G2F25,7.7579798,2.082939,12.96646,4.715618
COL0G1F80,7.8238333,2.39269,14.641902,3.771962
COL0G2F80,7.8238333,2.39269,14.641902,3.771962
COL0G1E58,7.8653861,2.527355,22.885587,3.777832
COL0G1F58,7.8653861,2.527355,22.885587,3.777832
COL0G2E58,7.8653861,2.527355,22.885587,3.777832
COL0G2F58,7.8653861,2.527355,22.885587,3.777832
COL0G1E74,7.8668849,2.391125,19.844399,3.770705
COL0G1F74,7.8668849,2.391125,19.844399,3.770705
COL0G2F74,7.8668849,2.391125,19.844399,3.770705
NPR1G1E67,7.8840888,2.183273,34.900617,4.714824
NPR1G1F67,7.8840888,2.183273,34.900617,4.714824
NPR1G2E67,7.8840888,2.183273,34.900617,4.714824
NPR1G2F67,7.8840888,2.183273,34.900617,4.714824
NPR1G1E44,7.8865636,2.076522,16.821688,4.706254
NPR1G1F44,7.8865636,2.076522,16.821688,4.706254
NPR1G2E44,7.8865636,2.076522,16.821688,4.706254
NPR1G2F44,7.8865636,2.076522,16.821688,4.706254
NPR1G1E19,7.9061603,2.081152,20.895667,4.712067
NPR1G1F19,7.9061603,2.081152,20.895667,4.712067
NPR1G2E19,7.9061603,2.081152,20.895667,4.712067
NPR1G2F19,7.9061603,2.081152,20.895667,4.712067
NPR1G1E73,7.9841305,2.315133,19.865356,4.712944
NPR1G1F73,7.9841305,2.315133,19.865356,4.712944
NPR1G2E73,7.9841305,2.315133,19.865356,4.712944
NPR1G2F73,7.9841305,2.315133,19.865356,4.712944
COL0G1E19,8.0292224,2.51626,19.36568,3.976776
COL0G1F19,8.0292224,2.51626,19.36568,3.976776
COL0G2F19,8.0292224,2.51626,19.36568,3.976776
COL0G1E34,8.0372776,2.392644,10.132691,3.771255
COL0G1F34,8.0372776,2.392644,10.132691,3.771255
COL0G2E34,8.0372776,2.392644,10.132691,3.771255
COL0G2F34,8.0372776,2.392644,10.132691,3.771255
COL0G1E10,8.0458604,2.389948,13.567087,3.768644
COL0G1F10,8.0458604,2.389948,13.567087,3.768644
COL0G2E10,8.0458604,2.389948,13.567087,3.768644
COL0G2F10,8.0458604,2.389948,13.567087,3.768644
COL0G1E51,8.1479163,2.386445,27.414303,3.762673
COL0G1F51,8.1479163,2.386445,27.414303,3.762673
COL0G2E51,8.1479163,2.386445,27.414303,3.762673
COL0G2F51,8.1479163,2.386445,27.414303,3.762673
NPR1G1E47,8.1752337,2.079349,25.294278,4.711572
NPR1G1F47,8.1752337,2.079349,25.294278,4.711572
NPR1G2E47,8.1752337,2.079349,25.294278,4.711572
NPR1G2F47,8.1752337,2.079349,25.294278,4.711572
COL0G1E03,8.1891017,2.520132,12.869554,3.768829
COL0G1F03,8.1891017,2.520132,12.869554,3.768829
COL0G2E03,8.1891017,2.520132,12.869554,3.768829
COL0G2F03,8.1891017,2.520132,12.869554,3.768829
COL0G1E87,8.2491315,2.385606,16.325584,3.762049
COL0G1F87,8.2491315,2.385606,16.325584,3.762049
COL0G2E87,8.2491315,2.385606,16.325584,3.762049
COL0G2F87,8.2491315,2.385606,16.325584,3.762049
NPR1G1E45,8.2540025,2.077816,19.992386,4.706393
NPR1G1F45,8.2540025,2.077816,19.992386,4.706393
NPR1G2E45,8.2540025,2.077816,19.992386,4.706393
NPR1G2F45,8.2540025,2.077816,19.992386,4.706393
NPR1G1E35,8.3127916,2.076908,28.628454,4.706127
NPR1G1F35,8.3127916,2.076908,28.628454,4.706127
NPR1G2E35,8.3127916,2.076908,28.628454,4.706127
NPR1G2F35,8.3127916,2.076908,28.628454,4.706127
NPR1G1E53,8.3147736,2.324614,38.930148,4.728428
NPR1G1F53,8.3147736,2.324614,38.930148,4.728428
NPR1G2E53,8.3147736,2.324614,38.930148,4.728428
NPR1G2F53,8.3147736,2.324614,38.930148,4.728428
NPR1G1E62,8.3205407,2.315235,27.77203,4.7174
NPR1G1F62,8.3205407,2.315235,27.77203,4.7174
NPR1G2E62,8.3205407,2.315235,27.77203,4.7174
NPR1G2F62,8.3205407,2.315235,27.77203,4.7174
NPR1G1E46,8.3366977,2.313851,33.694909,4.715447
NPR1G1F46,8.3366977,2.313851,33.694909,4.715447
NPR1G2E46,8.3366977,2.313851,33.694909,4.715447
NPR1G2F46,8.3366977,2.313851,33.694909,4.715447
COL0G1E17,8.3688261,2.392672,10.067077,3.773618
COL0G1F17,8.3688261,2.392672,10.067077,3.773618
COL0G2E17,8.3688261,2.392672,10.067077,3.773618
COL0G2F17,8.3688261,2.392672,10.067077,3.773618
NPR1G1E91,8.4608373,2.17964,16.569677,4.706548
NPR1G1F91,8.4608373,2.17964,16.569677,4.706548
NPR1G2E91,8.4608373,2.17964,16.569677,4.706548
NPR1G2F91,8.4608373,2.17964,16.569677,4.706548
NPR1G1E22,8.4699003,2.079809,15.019595,4.712656
NPR1G1F22,8.4699003,2.079809,15.019595,4.712656
NPR1G2E22,8.4699003,2.079809,15.019595,4.712656
NPR1G2F22,8.4699003,2.079809,15.019595,4.712656
NPR1G1E55,8.4757958,2.180035,36.471126,4.70811
NPR1G1F55,8.4757958,2.180035,36.471126,4.70811
NPR1G2E55,8.4757958,2.180035,36.471126,4.70811
NPR1G2F55,8.4757958,2.180035,36.471126,4.70811
COL0G1F56,8.4901799,2.390359,22.967371,3.768104
COL0G2F56,8.4901799,2.390359,22.967371,3.768104
COL0G1F41,8.5392756,2.387005,18.932862,3.76496
COL0G2E41,8.5392756,2.387005,18.932862,3.76496
COL0G2F41,8.5392756,2.387005,18.932862,3.76496
NPR1G1E27,8.5898485,2.080943,15.340378,4.71134
NPR1G1F27,8.5898485,2.080943,15.340378,4.71134
NPR1G2E27,8.5898485,2.080943,15.340378,4.71134
NPR1G2F27,8.5898485,2.080943,15.340378,4.71134
NPR1G1E08,8.6791157,2.082462,19.765652,4.716638
NPR1G1F08,8.6791157,2.082462,19.765652,4.716638
NPR1G2E08,8.6791157,2.082462,19.765652,4.716638
NPR1G2F08,8.6791157,2.082462,19.765652,4.716638
COL0G1E69,8.7502016,2.518207,22.376221,3.770994
COL0G2E69,8.7502016,2.518207,22.376221,3.770994
COL0G2F69,8.7502016,2.518207,22.376221,3.770994
NPR1G1E49,8.7698123,2.080263,30.905619,4.708729
NPR1G1F49,8.7698123,2.080263,30.905619,4.708729
NPR1G2E49,8.7698123,2.080263,30.905619,4.708729
NPR1G2F49,8.7698123,2.080263,30.905619,4.708729
NPR1G1E81,8.8239873,2.083689,18.75645,4.974957
NPR1G1F81,8.8239873,2.083689,18.75645,4.974957
NPR1G2E81,8.8239873,2.083689,18.75645,4.974957
NPR1G2F81,8.8239873,2.083689,18.75645,4.974957
NPR1G1E51,8.8301226,2.077899,36.227865,4.707209
NPR1G1F51,8.8301226,2.077899,36.227865,4.707209
NPR1G2E51,8.8301226,2.077899,36.227865,4.707209
NPR1G2F51,8.8301226,2.077899,36.227865,4.707209
COL0G1E62,8.8552304,2.391625,18.009868,3.770477
COL0G1F62,8.8552304,2.391625,18.009868,3.770477
COL0G2F62,8.8552304,2.391625,18.009868,3.770477
COL0G1E18,8.8578928,2.387656,9.092512,3.765824
COL0G1F18,8.8578928,2.387656,9.092512,3.765824
COL0G2E18,8.8578928,2.387656,9.092512,3.765824
COL0G2F18,8.8578928,2.387656,9.092512,3.765824
NPR1G1E93,8.8693349,2.079369,23.753721,4.711455
NPR1G1F93,8.8693349,2.079369,23.753721,4.711455
NPR1G2E93,8.8693349,2.079369,23.753721,4.711455
NPR1G2F93,8.8693349,2.079369,23.753721,4.711455
COL0G1E21,8.8967055,2.386422,11.880784,3.762232
COL0G1F21,8.8967055,2.386422,11.880784,3.762232
COL0G2F21,8.8967055,2.386422,11.880784,3.762232
NPR1G1E39,8.896706,2.179274,14.359102,4.963267
NPR1G1F39,8.896706,2.179274,14.359102,4.963267
NPR1G2E39,8.896706,2.179274,14.359102,4.963267
NPR1G2F39,8.896706,2.179274,14.359102,4.963267
NPR1G1E92,8.926724,2.085705,22.383101,4.72151
NPR1G1F92,8.926724,2.085705,22.383101,4.72151
NPR1G2E92,8.926724,2.085705,22.383101,4.72151
NPR1G2F92,8.926724,2.085705,22.383101,4.72151
NPR1G1E87,8.9733063,2.180664,12.80763,4.964773
NPR1G1F87,8.9733063,2.180664,12.80763,4.964773
NPR1G2E87,8.9733063,2.180664,12.80763,4.964773
NPR1G2F87,8.9733063,2.180664,12.80763,4.964773
NPR1G1E30,8.9767236,2.180757,40.151196,4.708472
NPR1G1F30,8.9767236,2.180757,40.151196,4.708472
NPR1G2E30,8.9767236,2.180757,40.151196,4.708472
NPR1G2F30,8.9767236,2.180757,40.151196,4.708472
COL0G1E77,9.0835296,2.385901,18.566148,3.762458
COL0G1F77,9.0835296,2.385901,18.566148,3.762458
COL0G2E77,9.0835296,2.385901,18.566148,3.762458
COL0G2F77,9.0835296,2.385901,18.566148,3.762458
COL0G1E37,9.1301683,2.512116,10.649276,3.970346
COL0G1F37,9.1301683,2.512116,10.649276,3.970346
COL0G2E37,9.1301683,2.512116,10.649276,3.970346
COL0G2F37,9.1301683,2.512116,10.649276,3.970346
NPR1G1E31,9.1719237,2.314952,19.667333,4.712457
NPR1G1F31,9.1719237,2.314952,19.667333,4.712457
NPR1G2E31,9.1719237,2.314952,19.667333,4.712457
NPR1G2F31,9.1719237,2.314952,19.667333,4.712457
COL0G1E46,9.1863061,2.518553,26.655421,3.76869
COL0G2E46,9.1863061,2.518553,26.655421,3.76869
COL0G2F46,9.1863061,2.518553,26.655421,3.76869
NPR1G1E34,9.1961521,2.186824,18.285042,4.719435
NPR1G1F34,9.1961521,2.186824,18.285042,4.719435
NPR1G2E34,9.1961521,2.186824,18.285042,4.719435
NPR1G2F34,9.1961521,2.186824,18.285042,4.719435
COL0G1E02,9.3664906,2.390035,8.147588,3.7678
COL0G1F02,9.3664906,2.390035,8.147588,3.7678
COL0G2E02,9.3664906,2.390035,8.147588,3.7678
COL0G2F02,9.3664906,2.390035,8.147588,3.7678
NPR1G1E54,9.4320545,2.079588,32.960106,4.71284
NPR1G1F54,9.4320545,2.079588,32.960106,4.71284
NPR1G2E54,9.4320545,2.079588,32.960106,4.71284
NPR1G2F54,9.4320545,2.079588,32.960106,4.71284
COL0G1E73,9.4443075,2.513033,16.198382,3.76547
COL0G1F73,9.4443075,2.513033,16.198382,3.76547
COL0G2E73,9.4443075,2.513033,16.198382,3.76547
COL0G2F73,9.4443075,2.513033,16.198382,3.76547
COL0G1E45,9.5411132,2.512063,17.402142,3.969827
COL0G1F45,9.5411132,2.512063,17.402142,3.969827
COL0G2E45,9.5411132,2.512063,17.402142,3.969827
COL0G2F45,9.5411132,2.512063,17.402142,3.969827
NPR1G1E13,9.5821167,2.082465,31.733592,4.711868
NPR1G1F13,9.5821167,2.082465,31.733592,4.711868
NPR1G2E13,9.5821167,2.082465,31.733592,4.711868
NPR1G2F13,9.5821167,2.082465,31.733592,4.711868
COL0G1E27,9.6868693,2.388573,11.05216,3.766062
COL0G1F27,9.6868693,2.388573,11.05216,3.766062
COL0G2E27,9.6868693,2.388573,11.05216,3.766062
COL0G1E83,9.7368121,2.512037,10.734799,3.76174
COL0G1F83,9.7368121,2.512037,10.734799,3.76174
COL0G2E83,9.7368121,2.512037,10.734799,3.76174
COL0G2F83,9.7368121,2.512037,10.734799,3.76174
COL0G1E15,9.7538184,2.522794,11.894846,3.774065
COL0G1F15,9.7538184,2.522794,11.894846,3.774065
COL0G2E15,9.7538184,2.522794,11.894846,3.774065
COL0G2F15,9.7538184,2.522794,11.894846,3.774065
NPR1G1E70,9.7759196,2.186222,22.376132,4.71665
NPR1G1F70,9.7759196,2.186222,22.376132,4.71665
NPR1G2E70,9.7759196,2.186222,22.376132,4.71665
NPR1G2F70,9.7759196,2.186222,22.376132,4.71665
COL0G1E23,9.7889076,2.387315,19.751891,3.765718
COL0G1F23,9.7889076,2.387315,19.751891,3.765718
COL0G2E23,9.7889076,2.387315,19.751891,3.765718
COL0G2F23,9.7889076,2.387315,19.751891,3.765718
NPR1G1E36,9.8594026,2.184002,17.077775,4.970242
NPR1G1F36,9.8594026,2.184002,17.077775,4.970242
NPR1G2E36,9.8594026,2.184002,17.077775,4.970242
NPR1G2F36,9.8594026,2.184002,17.077775,4.970242
NPR1G1E24,9.8696732,2.084528,23.058902,4.720188
NPR1G1F24,9.8696732,2.084528,23.058902,4.720188
NPR1G2E24,9.8696732,2.084528,23.058902,4.720188
NPR1G2F24,9.8696732,2.084528,23.058902,4.720188
NPR1G1E32,9.8747419,2.083819,17.577853,4.715445
NPR1G1F32,9.8747419,2.083819,17.577853,4.715445
NPR1G2E32,9.8747419,2.083819,17.577853,4.715445
NPR1G2F32,9.8747419,2.083819,17.577853,4.715445
NPR1G1E43,9.9043253,2.180957,21.764053,4.964979
NPR1G1F43,9.9043253,2.180957,21.764053,4.964979
NPR1G2E43,9.9043253,2.180957,21.764053,4.964979
NPR1G2F43,9.9043253,2.180957,21.764053,4.964979
NPR1G1E80,9.9365391,2.185073,29.963684,4.718104
NPR1G1F80,9.9365391,2.185073,29.963684,4.718104
NPR1G2E80,9.9365391,2.185073,29.963684,4.718104
NPR1G2F80,9.9365391,2.185073,29.963684,4.718104
COL0G1E13,10.0204675,2.388044,15.232061,3.765331
COL0G1F13,10.0204675,2.388044,15.232061,3.765331
COL0G2E13,10.0204675,2.388044,15.232061,3.765331
COL0G2F13,10.0204675,2.388044,15.232061,3.765331
COL0G1E01,10.0447517,2.392214,14.454036,3.771271
COL0G1F01,10.0447517,2.392214,14.454036,3.771271
COL0G2E01,10.0447517,2.392214,14.454036,3.771271
COL0G2F01,10.0447517,2.392214,14.454036,3.771271
NPR1G1E77,10.1330108,2.077603,25.731533,4.707414
NPR1G1F77,10.1330108,2.077603,25.731533,4.707414
NPR1G2E77,10.1330108,2.077603,25.731533,4.707414
NPR1G2F77,10.1330108,2.077603,25.731533,4.707414
COL0G1E38,10.1692173,2.386061,14.787916,3.762773
COL0G1F38,10.1692173,2.386061,14.787916,3.762773
COL0G2F38,10.1692173,2.386061,14.787916,3.762773
COL0G1E20,10.1806016,2.388534,20.582788,3.766458
COL0G1F20,10.1806016,2.388534,20.582788,3.766458
COL0G2E20,10.1806016,2.388534,20.582788,3.766458
COL0G2F20,10.1806016,2.388534,20.582788,3.766458
COL0G1E76,10.1923133,2.388529,14.353084,3.766333
COL0G1F76,10.1923133,2.388529,14.353084,3.766333
COL0G2E76,10.1923133,2.388529,14.353084,3.766333
COL0G2F76,10.1923133,2.388529,14.353084,3.766333
NPR1G1E21,10.2655007,2.183897,19.498383,4.708289
NPR1G1F21,10.2655007,2.183897,19.498383,4.708289
NPR1G2E21,10.2655007,2.183897,19.498383,4.708289
NPR1G2F21,10.2655007,2.183897,19.498383,4.708289
COL0G1E54,10.2912477,2.389391,16.213364,3.766901
COL0G1F54,10.2912477,2.389391,16.213364,3.766901
COL0G2E54,10.2912477,2.389391,16.213364,3.766901
COL0G2F54,10.2912477,2.389391,16.213364,3.766901
COL0G1E22,10.3151568,2.388234,12.108935,3.766876
COL0G1F22,10.3151568,2.388234,12.108935,3.766876
COL0G2E22,10.3151568,2.388234,12.108935,3.766876
COL0G2F22,10.3151568,2.388234,12.108935,3.766876
NPR1G1E40,10.3815597,2.183729,24.704055,4.968992
NPR1G1F40,10.3815597,2.183729,24.704055,4.968992
NPR1G2E40,10.3815597,2.183729,24.704055,4.968992
NPR1G2F40,10.3815597,2.183729,24.704055,4.968992
COL0G1E28,10.4512826,2.387617,13.147937,3.764885
COL0G1F28,10.4512826,2.387617,13.147937,3.764885
COL0G2E28,10.4512826,2.387617,13.147937,3.764885
COL0G2F28,10.4512826,2.387617,13.147937,3.764885
COL0G1E30,10.5085431,2.386552,27.729365,3.763406
COL0G1F30,10.5085431,2.386552,27.729365,3.763406
COL0G2E30,10.5085431,2.386552,27.729365,3.763406
COL0G2F30,10.5085431,2.386552,27.729365,3.763406
NPR1G1E58,10.5459605,2.088624,17.282064,4.725834
NPR1G1F58,10.5459605,2.088624,17.282064,4.725834
NPR1G2E58,10.5459605,2.088624,17.282064,4.725834
NPR1G2F58,10.5459605,2.088624,17.282064,4.725834
COL0G1E26,10.5685194,2.386963,9.066012,3.762692
COL0G1F26,10.5685194,2.386963,9.066012,3.762692
COL0G2E26,10.5685194,2.386963,9.066012,3.762692
COL0G2F26,10.5685194,2.386963,9.066012,3.762692
COL0G1E92,10.5700164,2.520349,18.234715,3.77417
COL0G1F92,10.5700164,2.520349,18.234715,3.77417
COL0G2E92,10.5700164,2.520349,18.234715,3.77417
COL0G2F92,10.5700164,2.520349,18.234715,3.77417
COL0G1E33,10.6373053,2.385551,13.203759,3.762294
COL0G1F33,10.6373053,2.385551,13.203759,3.762294
COL0G2E33,10.6373053,2.385551,13.203759,3.762294
COL0G2F33,10.6373053,2.385551,13.203759,3.762294
COL0G1E89,10.6434481,2.386158,15.646014,3.76279
COL0G1F89,10.6434481,2.386158,15.646014,3.76279
COL0G2E89,10.6434481,2.386158,15.646014,3.76279
COL0G2F89,10.6434481,2.386158,15.646014,3.76279
NPR1G1E74,10.6535273,2.184017,20.935481,4.716915
NPR1G1F74,10.6535273,2.184017,20.935481,4.716915
NPR1G2E74,10.6535273,2.184017,20.935481,4.716915
NPR1G2F74,10.6535273,2.184017,20.935481,4.716915
NPR1G1E971,10.6581517,2.080002,20.747628,4.712706
NPR1G1F972,10.6581517,2.080002,20.747628,4.712706
NPR1G2E972,10.6581517,2.080002,20.747628,4.712706
NPR1G2F972,10.6581517,2.080002,20.747628,4.712706
COL0G1E35,10.7672066,2.385877,17.697593,3.761605
COL0G1F35,10.7672066,2.385877,17.697593,3.761605
COL0G2E35,10.7672066,2.385877,17.697593,3.761605
COL0G2F35,10.7672066,2.385877,17.697593,3.761605
COL0G1E972,10.7749242,2.389692,20.095661,3.766451
COL0G2E972,10.7749242,2.389692,20.095661,3.766451
COL0G2F972,10.7749242,2.389692,20.095661,3.766451
NPR1G1E90,10.7980566,2.082066,14.46321,4.711866
NPR1G1F90,10.7980566,2.082066,14.46321,4.711866
NPR1G2E90,10.7980566,2.082066,14.46321,4.711866
NPR1G2F90,10.7980566,2.082066,14.46321,4.711866
COL0G1E36,10.9444175,2.389411,11.070143,3.765762
COL0G1F36,10.9444175,2.389411,11.070143,3.765762
COL0G2E36,10.9444175,2.389411,11.070143,3.765762
COL0G2F36,10.9444175,2.389411,11.070143,3.765762
COL0G1E84,11.0739363,2.518553,18.262688,3.977577
COL0G1F84,11.0739363,2.518553,18.262688,3.977577
COL0G2E84,11.0739363,2.518553,18.262688,3.977577
COL0G2F84,11.0739363,2.518553,18.262688,3.977577
NPR1G1E23,11.1256606,2.313302,23.222088,4.711023
NPR1G1F23,11.1256606,2.313302,23.222088,4.711023
NPR1G2E23,11.1256606,2.313302,23.222088,4.711023
NPR1G2F23,11.1256606,2.313302,23.222088,4.711023
NPR1G1E20,11.1486815,2.31018,22.639317,4.71205
NPR1G1F20,11.1486815,2.31018,22.639317,4.71205
NPR1G2E20,11.1486815,2.31018,22.639317,4.71205
NPR1G2F20,11.1486815,2.31018,22.639317,4.71205
COL0G1E65,11.3726703,2.384954,14.469401,3.761655
COL0G1F65,11.3726703,2.384954,14.469401,3.761655
COL0G2E65,11.3726703,2.384954,14.469401,3.761655
COL0G2F65,11.3726703,2.384954,14.469401,3.761655
NPR1G1E83,11.5608901,2.077368,7.633205,4.706373
NPR1G1F83,11.5608901,2.077368,7.633205,4.706373
NPR1G2E83,11.5608901,2.077368,7.633205,4.706373
NPR1G2F83,11.5608901,2.077368,7.633205,4.706373
COL0G1E63,11.5809839,2.390723,26.901521,3.768115
COL0G1F63,11.5809839,2.390723,26.901521,3.768115
COL0G2E63,11.5809839,2.390723,26.901521,3.768115
COL0G2F63,11.5809839,2.390723,26.901521,3.768115
NPR1G1E89,11.6604941,2.077958,19.930567,4.707269
NPR1G1F89,11.6604941,2.077958,19.930567,4.707269
NPR1G2E89,11.6604941,2.077958,19.930567,4.707269
NPR1G2F89,11.6604941,2.077958,19.930567,4.707269
COL0G1E29,11.7005566,3.177678,8.553774,3.767328
COL0G1F29,11.7005566,3.177678,8.553774,3.767328
COL0G2E29,11.7005566,3.177678,8.553774,3.767328
COL0G2F29,11.7005566,3.177678,8.553774,3.767328
COL0G1E67,11.717103,2.391004,21.094596,3.769102
COL0G1F67,11.717103,2.391004,21.094596,3.769102
COL0G2E67,11.717103,2.391004,21.094596,3.769102
COL0G2F67,11.717103,2.391004,21.094596,3.769102
COL0G1E90,11.7327498,2.388867,10.016489,3.766074
COL0G1F90,11.7327498,2.388867,10.016489,3.766074
COL0G2F90,11.7327498,2.388867,10.016489,3.766074
COL0G1E24,11.9186913,2.393518,13.310258,3.772736
COL0G1F24,11.9186913,2.393518,13.310258,3.772736
COL0G2E24,11.9186913,2.393518,13.310258,3.772736
COL0G2F24,11.9186913,2.393518,13.310258,3.772736
NPR1G1E42,12.0409804,2.079771,15.682329,4.710883
NPR1G1F42,12.0409804,2.079771,15.682329,4.710883
NPR1G2E42,12.0409804,2.079771,15.682329,4.710883
NPR1G2F42,12.0409804,2.079771,15.682329,4.710883
COL0G1E42,12.1918758,2.514929,9.596829,3.765919
COL0G1F42,12.1918758,2.514929,9.596829,3.765919
COL0G2E42,12.1918758,2.514929,9.596829,3.765919
COL0G2F42,12.1918758,2.514929,9.596829,3.765919
COL0G1E40,12.3247031,2.388116,11.867772,3.764826
COL0G1F40,12.3247031,2.388116,11.867772,3.764826
NPR1G1E78,12.5682751,2.082958,17.884289,4.712215
NPR1G1F78,12.5682751,2.082958,17.884289,4.712215
NPR1G2E78,12.5682751,2.082958,17.884289,4.712215
NPR1G2F78,12.5682751,2.082958,17.884289,4.712215
COL0G1E93,12.6921167,2.388761,18.097083,3.766058
COL0G1F93,12.6921167,2.388761,18.097083,3.766058
COL0G2E93,12.6921167,2.388761,18.097083,3.766058
COL0G2F93,12.6921167,2.388761,18.097083,3.766058
NPR1G1E16,12.8281548,2.080316,12.947563,4.707611
NPR1G1F16,12.8281548,2.080316,12.947563,4.707611
NPR1G2E16,12.8281548,2.080316,12.947563,4.707611
NPR1G2F16,12.8281548,2.080316,12.947563,4.707611
COL0G1E31,12.9101571,2.516706,16.769529,3.765542
COL0G1F31,12.9101571,2.516706,16.769529,3.765542
COL0G2E31,12.9101571,2.516706,16.769529,3.765542
COL0G1E43,13.1834733,2.385411,20.061726,3.761312
COL0G1F43,13.1834733,2.385411,20.061726,3.761312
COL0G2F43,13.1834733,2.385411,20.061726,3.761312
COL0G1E25,14.1565858,2.390466,15.001862,3.769395
COL0G1F25,14.1565858,2.390466,15.001862,3.769395
COL0G2E25,14.1565858,2.390466,15.001862,3.769395
COL0G2F25,14.1565858,2.390466,15.001862,3.769395
COL0G1E32,14.8504041,2.390557,14.091018,3.769117
COL0G1F32,14.8504041,2.390557,14.091018,3.769117
COL0G2F32,14.8504041,2.390557,14.091018,3.769117
COL0G1F55,15.0819203,2.385934,29.836435,3.762806
COL0G2F55,15.0819203,2.385934,29.836435,3.762806
NPR1G1E37,15.1924715,2.180597,12.221153,4.706917
NPR1G2E37,15.1924715,2.180597,12.221153,4.706917
NPR1G2F37,15.1924715,2.180597,12.221153,4.706917
COL0G1E70,15.198826,2.390781,11.370287,3.77018
COL0G1F70,15.198826,2.390781,11.370287,3.77018
COL0G2E70,15.198826,2.390781,11.370287,3.77018
COL0G2F70,15.198826,2.390781,11.370287,3.77018
COL0G1E78,15.3932305,2.388917,10.749152,3.766158
COL0G1F78,15.3932305,2.388917,10.749152,3.766158
COL0G2E78,15.3932305,2.388917,10.749152,3.766158
COL0G2F78,15.3932305,2.388917,10.749152,3.766158